{"cameraMode":{"drawMode":0,"name":"Shaded","section":"Shading Mode"},"sceneLighting":true,"audioPlay":false,"sceneViewState":{"m_AlwaysRefresh":false,"showFog":true,"showSkybox":true,"showFlares":true,"showImageEffects":true,"showParticleSystems":true,"showVisualEffectGraphs":true,"m_FxEnabled":true},"in2DMode":false,"pivot":{"x":3.7048819065093996,"y":-35.6478385925293,"z":177.47914123535157},"rotation":{"x":-0.10810884833335877,"y":-0.00937088206410408,"z":0.0014219715958461166,"w":-0.9943040013313294},"size":92.72820281982422,"orthographic":false}