{"cameraMode":{"drawMode":0,"name":"Shaded","section":"Shading Mode"},"sceneLighting":false,"audioPlay":false,"sceneViewState":{"m_AlwaysRefresh":false,"showFog":false,"showSkybox":false,"showFlares":false,"showImageEffects":false,"showParticleSystems":false,"showVisualEffectGraphs":true,"m_FxEnabled":true},"in2DMode":false,"pivot":{"x":-1.397459864616394,"y":2.2172915935516359,"z":2.628932237625122},"rotation":{"x":-0.0013807691866531969,"y":0.996346116065979,"z":-0.08420239388942719,"w":-0.017015112563967706},"size":1.3555018901824952,"orthographic":false}