{"cameraMode":{"drawMode":0,"name":"Shaded","section":"Shading Mode"},"sceneLighting":false,"audioPlay":false,"sceneViewState":{"m_AlwaysRefresh":false,"showFog":false,"showSkybox":false,"showFlares":false,"showImageEffects":false,"showParticleSystems":false,"showVisualEffectGraphs":true,"m_FxEnabled":true},"in2DMode":false,"pivot":{"x":-0.00013697147369384766,"y":0.8665014505386353,"z":0.018974989652633668},"rotation":{"x":-0.015224981121718884,"y":0.9625313878059387,"z":-0.26515907049179079,"w":-0.055491071194410327},"size":1.3872209787368775,"orthographic":false}